Date,Rate
1/1/1973,8.02
1/8/1973,8.01
1/15/1973,8
1/22/1973,8.004285714
1/29/1973,8.001428571
2/5/1973,7.995714286
2/12/1973,8.007142857
2/19/1973,7.702857143
2/26/1973,7.575714286
3/5/1973,7.541428571
3/12/1973,7.422857143
3/19/1973,7.715714286
3/26/1973,7.58
4/2/1973,7.558571429
4/9/1973,7.55
4/16/1973,7.521428571
4/23/1973,7.55
4/30/1973,7.562857143
5/7/1973,7.544285714
5/14/1973,7.515714286
5/21/1973,7.507142857
5/28/1973,7.448571429
6/4/1973,7.301428571
6/11/1973,7.277142857
6/18/1973,7.295714286
6/25/1973,7.274285714
7/2/1973,7.287142857
7/9/1973,7.287142857
7/16/1973,7.292857143
7/23/1973,7.35
7/30/1973,7.477142857
8/6/1973,7.494285714
8/13/1973,7.508571429
8/20/1973,7.628571429
8/27/1973,7.605714286
9/3/1973,7.575714286
9/10/1973,7.578571429
9/17/1973,7.745714286
9/24/1973,7.75
10/1/1973,7.745714286
10/8/1973,7.78
10/15/1973,7.758571429
10/22/1973,7.694285714
10/29/1973,7.69
11/5/1973,7.685714286
11/12/1973,7.75
11/19/1973,7.787142857
11/26/1973,7.927142857
12/3/1973,8.047142857
12/10/1973,8.051428571
12/17/1973,8.13
12/24/1973,8.131428571
12/31/1973,8.148571429
1/7/1974,8.195714286
1/14/1974,8.394285714
1/21/1974,8.485714286
1/28/1974,8.604285714
2/4/1974,8.367142857
2/11/1974,8.31
2/18/1974,8.278571429
2/25/1974,8.208571429
3/4/1974,8.194285714
3/11/1974,8.125714286
3/18/1974,8.06
3/25/1974,7.995714286
4/1/1974,7.878571429
4/8/1974,7.827142857
4/15/1974,7.905714286
4/22/1974,7.917142857
4/29/1974,7.835714286
5/6/1974,7.775714286
5/13/1974,7.75
5/20/1974,7.771428571
5/27/1974,7.814285714
6/3/1974,7.844285714
6/10/1974,7.835714286
6/17/1974,7.844285714
6/24/1974,7.87
7/1/1974,7.844285714
7/8/1974,7.835714286
7/15/1974,7.835714286
7/22/1974,7.835714286
7/29/1974,7.861428571
8/5/1974,7.835714286
8/12/1974,7.91
8/19/1974,8.008571429
8/26/1974,8.06
9/2/1974,8.117142857
9/9/1974,8.13
9/16/1974,8.124285714
9/23/1974,8.12
9/30/1974,8.111428571
10/7/1974,8.038571429
10/14/1974,8.042857143
10/21/1974,8.047142857
10/28/1974,8.06
11/4/1974,8.06
11/11/1974,8.042857143
11/18/1974,8.07
11/25/1974,8.077142857
12/2/1974,8.06
12/9/1974,8.082857143
12/16/1974,8.074285714
12/23/1974,8.13
12/30/1974,8.13
1/6/1975,8.13
1/13/1975,8.13
1/20/1975,8.13
1/27/1975,8.13
2/3/1975,8.13
2/10/1975,8.021428571
2/17/1975,7.94
2/24/1975,7.94
3/3/1975,7.831428571
3/10/1975,7.75
3/17/1975,7.75
3/24/1975,7.75
3/31/1975,7.75
4/7/1975,7.762857143
4/14/1975,7.854285714
4/21/1975,7.935714286
4/28/1975,7.922857143
5/5/1975,8
5/12/1975,8.03
5/19/1975,8.048571429
5/26/1975,8.16
6/2/1975,8.1
6/9/1975,8.1
6/16/1975,8.118571429
6/23/1975,8.247142857
6/30/1975,8.34
7/7/1975,8.465714286
7/14/1975,8.45
7/21/1975,8.515714286
7/28/1975,8.527142857
8/4/1975,8.572857143
8/11/1975,8.751428571
8/18/1975,8.827142857
8/25/1975,8.832857143
9/1/1975,8.895714286
9/8/1975,8.838571429
9/15/1975,8.792857143
9/22/1975,8.878571429
9/29/1975,8.935714286
10/6/1975,8.957142857
10/13/1975,8.924285714
10/20/1975,8.89
10/27/1975,8.867142857
11/3/1975,8.81
11/10/1975,8.81
11/17/1975,8.878571429
11/24/1975,8.952857143
12/1/1975,9.038571429
12/8/1975,8.998571429
12/15/1975,8.952857143
12/22/1975,8.97
12/29/1975,8.97
1/5/1976,8.97
1/12/1976,8.947142857
1/19/1976,8.927142857
1/26/1976,8.952857143
2/2/1976,8.935714286
2/9/1976,8.921428571
2/16/1976,8.935714286
2/23/1976,8.957142857
3/1/1976,8.947142857
3/8/1976,8.952857143
3/15/1976,8.998571429
3/22/1976,8.93
3/29/1976,8.952857143
4/5/1976,8.992857143
4/12/1976,9.01
4/19/1976,9.01
4/26/1976,8.975714286
5/3/1976,8.952857143
5/10/1976,8.992857143
5/17/1976,9.01
5/24/1976,9.032857143
5/31/1976,9.192857143
6/7/1976,9.314285714
6/14/1976,9.134285714
6/21/1976,8.987142857
6/28/1976,8.992857143
7/5/1976,8.941428571
7/12/1976,8.935714286
7/19/1976,8.93
7/26/1976,8.9
8/2/1976,8.94
8/9/1976,8.97
8/16/1976,8.97
8/23/1976,8.97
8/30/1976,8.992857143
9/6/1976,9.01
9/13/1976,9.078571429
9/20/1976,9.13
9/27/1976,9.072857143
10/4/1976,8.895714286
10/11/1976,8.85
10/18/1976,8.895714286
10/25/1976,8.93
11/1/1976,8.952857143
11/8/1976,9.015714286
11/15/1976,9.027142857
11/22/1976,8.97
11/29/1976,8.901428571
12/6/1976,8.861428571
12/13/1976,8.787142857
12/20/1976,8.792857143
12/27/1976,8.918571429
1/3/1977,8.947142857
1/10/1977,8.941428571
1/17/1977,8.941428571
1/24/1977,8.867142857
1/31/1977,8.827142857
2/7/1977,8.855714286
2/14/1977,8.867142857
2/21/1977,8.85
2/28/1977,8.878571429
3/7/1977,8.858571429
3/14/1977,8.85
3/21/1977,8.838571429
3/28/1977,8.824285714
4/4/1977,8.82
4/11/1977,8.837142857
4/18/1977,8.85
4/25/1977,8.85
5/2/1977,8.85
5/9/1977,8.85
5/16/1977,8.827142857
5/23/1977,8.821428571
5/30/1977,8.83
6/6/1977,8.841428571
6/13/1977,8.85
6/20/1977,8.854285714
6/27/1977,8.88
7/4/1977,8.84
7/11/1977,8.81
7/18/1977,8.832857143
7/25/1977,8.827142857
8/1/1977,8.764285714
8/8/1977,8.724285714
8/15/1977,8.72
8/22/1977,8.714285714
8/29/1977,8.721428571
9/5/1977,8.73
9/12/1977,8.73
9/19/1977,8.73
9/26/1977,8.73
10/3/1977,8.73
10/10/1977,8.667142857
10/17/1977,8.597142857
10/24/1977,8.58
10/31/1977,8.562857143
11/7/1977,8.635714286
11/14/1977,8.7
11/21/1977,8.648571429
11/28/1977,8.615714286
12/5/1977,8.62
12/12/1977,8.62
12/19/1977,8.534285714
12/26/1977,8.47
1/2/1978,8.332857143
1/9/1978,8.332857143
1/16/1978,8.19
1/23/1978,8.151428571
1/30/1978,8.1
2/6/1978,8.065714286
2/13/1978,8.117142857
2/20/1978,8.13
2/27/1978,8.13
3/6/1978,8.125714286
3/13/1978,8.118571429
3/20/1978,8.211428571
3/27/1978,8.282857143
4/3/1978,8.33
4/10/1978,8.358571429
4/17/1978,8.391428571
4/24/1978,8.571428571
5/1/1978,8.631428571
5/8/1978,8.562857143
5/15/1978,8.562857143
5/22/1978,8.644285714
5/29/1978,8.538571429
6/5/1978,8.417142857
6/12/1978,8.405714286
6/19/1978,8.44
6/26/1978,8.424285714
7/3/1978,8.32
7/10/1978,8.242857143
7/17/1978,8.172857143
7/24/1978,8.13
7/31/1978,8.107142857
8/7/1978,7.978571429
8/14/1978,8.011428571
8/21/1978,7.918571429
8/28/1978,8.048571429
9/4/1978,8.16
9/11/1978,8.041428571
9/18/1978,8.095714286
9/25/1978,8.004285714
10/2/1978,7.97
10/9/1978,7.97
10/16/1978,7.907142857
10/23/1978,7.927142857
10/30/1978,7.925714286
11/6/1978,7.681428571
11/13/1978,7.837142857
11/20/1978,8.114285714
11/27/1978,8.274285714
12/4/1978,8.244285714
12/11/1978,8.195714286
12/18/1978,8.271428571
12/25/1978,8.2
1/1/1979,8.23
1/8/1979,8.08
1/15/1979,8.222857143
1/22/1979,8.272857143
1/29/1979,8.264285714
2/5/1979,8.291428571
2/12/1979,8.3
2/19/1979,8.22
2/26/1979,8.22
3/5/1979,8.198571429
3/12/1979,8.214285714
3/19/1979,8.242857143
3/26/1979,8.295714286
4/2/1979,8.217142857
4/9/1979,8.122857143
4/16/1979,8.155714286
4/23/1979,8.228571429
4/30/1979,8.348571429
5/7/1979,8.307142857
5/14/1979,8.34
5/21/1979,8.292857143
5/28/1979,8.237142857
6/4/1979,8.177142857
6/11/1979,8.165714286
6/18/1979,8.11
6/25/1979,8.114285714
7/2/1979,8.068571429
7/9/1979,7.935714286
7/16/1979,7.982857143
7/23/1979,7.854285714
7/30/1979,7.858571429
8/6/1979,7.937142857
8/13/1979,8
8/20/1979,7.995714286
8/27/1979,8.045714286
9/3/1979,8.051428571
9/10/1979,8.037142857
9/17/1979,8.165714286
9/24/1979,8.192857143
10/1/1979,8.12
10/8/1979,8.104285714
10/15/1979,8.2
10/22/1979,8.235714286
10/29/1979,8.305714286
11/5/1979,8.365714286
11/12/1979,8.282857143
11/19/1979,8.151428571
11/26/1979,8.13
12/3/1979,8.072857143
12/10/1979,8.078571429
12/17/1979,8.125714286
12/24/1979,8.134285714
12/31/1979,8.054285714
1/7/1980,8.021428571
1/14/1980,8.024285714
1/21/1980,7.891428571
1/28/1980,7.997142857
2/4/1980,8.031428571
2/11/1980,7.904285714
2/18/1980,7.911428571
2/25/1980,8.004285714
3/3/1980,8.055714286
3/10/1980,8.118571429
3/17/1980,8.16
3/24/1980,8.165714286
3/31/1980,8.188571429
4/7/1980,8.221428571
4/14/1980,8.107142857
4/21/1980,8.037142857
4/28/1980,7.977142857
5/5/1980,7.9
5/12/1980,7.897142857
5/19/1980,7.9
5/26/1980,7.835714286
6/2/1980,7.744285714
6/9/1980,7.85
6/16/1980,7.825714286
6/23/1980,7.864285714
6/30/1980,7.851428571
7/7/1980,7.795714286
7/14/1980,7.761428571
7/21/1980,7.764285714
7/28/1980,7.745714286
8/4/1980,7.785714286
8/11/1980,7.777142857
8/18/1980,7.777142857
8/25/1980,7.804285714
9/1/1980,7.76
9/8/1980,7.731428571
9/15/1980,7.741428571
9/22/1980,7.764285714
9/29/1980,7.75
10/6/1980,7.761428571
10/13/1980,7.754285714
10/20/1980,7.728571429
10/27/1980,7.697142857
11/3/1980,7.72
11/10/1980,7.715714286
11/17/1980,7.735714286
11/24/1980,7.807142857
12/1/1980,7.83
12/8/1980,7.91
12/15/1980,7.94
12/22/1980,7.972857143
12/29/1980,7.914285714
1/5/1981,7.9
1/12/1981,7.925714286
1/19/1981,7.971428571
1/26/1981,7.954285714
2/2/1981,8.092857143
2/9/1981,8.151428571
2/16/1981,8.194285714
2/23/1981,8.237142857
3/2/1981,8.325714286
3/9/1981,8.231428571
3/16/1981,8.212857143
3/23/1981,8.23
3/30/1981,8.29
4/6/1981,8.298571429
4/13/1981,8.274285714
4/20/1981,8.321428571
4/27/1981,8.258571429
5/4/1981,8.332857143
5/11/1981,8.34
5/18/1981,8.414285714
5/25/1981,8.421428571
6/1/1981,8.491428571
6/8/1981,8.571428571
6/15/1981,8.597142857
6/22/1981,8.514285714
6/29/1981,8.571428571
7/6/1981,8.778571429
7/13/1981,8.831428571
7/20/1981,8.938571429
7/27/1981,8.972857143
8/3/1981,9.007142857
8/10/1981,9.145714286
8/17/1981,9.088571429
8/24/1981,8.942857143
8/31/1981,9.054285714
9/7/1981,9.02
9/14/1981,9.155714286
9/21/1981,9.071428571
9/28/1981,9.191428571
10/5/1981,9.094285714
10/12/1981,8.981428571
10/19/1981,9.17
10/26/1981,9.21
11/2/1981,9.148571429
11/9/1981,9.162857143
11/16/1981,9.11
11/23/1981,9.137142857
11/30/1981,9.128571429
12/7/1981,9.127142857
12/14/1981,9.15
12/21/1981,9.125714286
12/28/1981,9.122857143
1/4/1982,9.115714286
1/11/1982,9.135714286
1/18/1982,9.158571429
1/25/1982,9.171428571
2/1/1982,9.161428571
2/8/1982,9.155714286
2/15/1982,9.174285714
2/22/1982,9.241428571
3/1/1982,9.288571429
3/8/1982,9.25
3/15/1982,9.278571429
3/22/1982,9.294285714
3/29/1982,9.337142857
4/5/1982,9.348571429
4/12/1982,9.394285714
4/19/1982,9.421428571
4/26/1982,9.404285714
5/3/1982,9.358571429
5/10/1982,9.262857143
5/17/1982,9.265714286
5/24/1982,9.314285714
5/31/1982,9.362857143
6/7/1982,9.357142857
6/14/1982,9.398571429
6/21/1982,9.524285714
6/28/1982,9.564285714
7/5/1982,9.558571429
7/12/1982,9.611428571
7/19/1982,9.585714286
7/26/1982,9.502857143
8/2/1982,9.544285714
8/9/1982,9.601428571
8/16/1982,9.594285714
8/23/1982,9.548571429
8/30/1982,9.545714286
9/6/1982,9.574285714
9/13/1982,9.64
9/20/1982,9.66
9/27/1982,9.661428571
10/4/1982,9.712857143
10/11/1982,9.687142857
10/18/1982,9.668571429
10/25/1982,9.701428571
11/1/1982,9.725714286
11/8/1982,9.75
11/15/1982,9.785714286
11/22/1982,9.831428571
11/29/1982,9.827142857
12/6/1982,9.66
12/13/1982,9.714285714
12/20/1982,9.701428571
12/27/1982,9.722857143
1/3/1983,9.634285714
1/10/1983,9.698571429
1/17/1983,9.794285714
1/24/1983,9.847142857
1/31/1983,9.89
2/7/1983,9.951428571
2/14/1983,9.882857143
2/21/1983,9.892857143
2/28/1983,9.944285714
3/7/1983,9.955714286
3/14/1983,9.944285714
3/21/1983,9.942857143
3/28/1983,9.985714286
4/4/1983,10.02428571
4/11/1983,9.985714286
4/18/1983,9.975714286
4/25/1983,9.991428571
5/2/1983,9.99
5/9/1983,9.984285714
5/16/1983,9.974285714
5/23/1983,10.01142857
5/30/1983,10.00714286
6/6/1983,10
6/13/1983,10.00857143
6/20/1983,10.06571429
6/27/1983,10.08857143
7/4/1983,10.09142857
7/11/1983,10.05142857
7/18/1983,10.11285714
7/25/1983,10.08285714
8/1/1983,10.12428571
8/8/1983,10.18857143
8/15/1983,10.20428571
8/22/1983,10.17857143
8/29/1983,10.20571429
9/5/1983,10.21571429
9/12/1983,10.19714286
9/19/1983,10.20142857
9/26/1983,10.19571429
10/3/1983,10.20142857
10/10/1983,10.20857143
10/17/1983,10.20428571
10/24/1983,10.22857143
10/31/1983,10.28285714
11/7/1983,10.31
11/14/1983,10.34285714
11/21/1983,10.40571429
11/28/1983,10.42142857
12/5/1983,10.42142857
12/12/1983,10.45428571
12/19/1983,10.49428571
12/26/1983,10.57571429
1/2/1984,10.50857143
1/9/1984,10.69285714
1/16/1984,10.72714286
1/23/1984,10.71142857
1/30/1984,10.74571429
2/6/1984,10.75571429
2/13/1984,10.76571429
2/20/1984,10.73857143
2/27/1984,10.72857143
3/5/1984,10.67857143
3/12/1984,10.68142857
3/19/1984,10.70857143
3/26/1984,10.77142857
4/2/1984,10.74428571
4/9/1984,10.77285714
4/16/1984,10.80285714
4/23/1984,10.81857143
4/30/1984,10.9
5/7/1984,10.93571429
5/14/1984,11.03142857
5/21/1984,11.03
5/28/1984,11.04857143
6/4/1984,11.02857143
6/11/1984,10.98571429
6/18/1984,11.02
6/25/1984,11.11285714
7/2/1984,11.20428571
7/9/1984,11.26142857
7/16/1984,11.31571429
7/23/1984,11.40142857
7/30/1984,11.48571429
8/6/1984,11.54571429
8/13/1984,11.54428571
8/20/1984,11.54428571
8/27/1984,11.55714286
9/3/1984,11.58857143
9/10/1984,11.77142857
9/17/1984,11.80714286
9/24/1984,11.95142857
10/1/1984,11.93
10/8/1984,11.91
10/15/1984,12.00571429
10/22/1984,12.07571429
10/29/1984,12.06714286
11/5/1984,12.02857143
11/12/1984,11.99857143
11/19/1984,12.04571429
11/26/1984,12.14142857
12/3/1984,12.23
12/10/1984,12.26857143
12/17/1984,12.26
12/24/1984,12.29428571
12/31/1984,12.37142857
1/7/1985,12.45285714
1/14/1985,12.62
1/21/1985,12.67428571
1/28/1985,12.65428571
2/4/1985,12.68857143
2/11/1985,12.82285714
2/18/1985,12.90428571
2/25/1985,13.03714286
3/4/1985,13.02428571
3/11/1985,13.12714286
3/18/1985,13.04285714
3/25/1985,12.68142857
4/1/1985,12.38428571
4/8/1985,12.52
4/15/1985,12.39571429
4/22/1985,12.21
4/29/1985,12.45714286
5/6/1985,12.58714286
5/13/1985,12.56857143
5/20/1985,12.43142857
5/27/1985,12.41857143
6/3/1985,12.47
6/10/1985,12.46285714
6/17/1985,12.50571429
6/24/1985,12.39857143
7/1/1985,12.38428571
7/8/1985,12.36428571
7/15/1985,12.03428571
7/22/1985,11.90142857
7/29/1985,11.93714286
8/5/1985,11.68142857
8/12/1985,12.00857143
8/19/1985,11.86285714
8/26/1985,11.90142857
9/2/1985,11.92714286
9/9/1985,12.18571429
9/16/1985,12.30571429
9/23/1985,12.19285714
9/30/1985,11.78571429
10/7/1985,11.95285714
10/14/1985,12.07857143
10/21/1985,12.08142857
10/28/1985,12.02714286
11/4/1985,12.06428571
11/11/1985,12.14
11/18/1985,12.15571429
11/25/1985,12.08428571
12/2/1985,12.04285714
12/9/1985,12.1
12/16/1985,12.18
12/23/1985,12.18571429
12/30/1985,12.18571429
1/6/1986,12.11428571
1/13/1986,12.13285714
1/20/1986,12.21285714
1/27/1986,12.37428571
2/3/1986,12.34857143
2/10/1986,12.51714286
2/17/1986,12.44571429
2/24/1986,12.32857143
3/3/1986,12.22
3/10/1986,12.49428571
3/17/1986,12.26285714
3/24/1986,12.19142857
3/31/1986,12.31571429
4/7/1986,12.47142857
4/14/1986,12.5
4/21/1986,12.34857143
4/28/1986,12.27142857
5/5/1986,12.38285714
5/12/1986,12.34428571
5/19/1986,12.40142857
5/26/1986,12.57857143
6/2/1986,12.74142857
6/9/1986,12.63285714
6/16/1986,12.53857143
6/23/1986,12.64571429
6/30/1986,12.52857143
7/7/1986,12.37285714
7/14/1986,12.49285714
7/21/1986,12.55714286
7/28/1986,12.55142857
8/4/1986,12.57714286
8/11/1986,12.55285714
8/18/1986,12.56285714
8/25/1986,12.57857143
9/1/1986,12.55
9/8/1986,12.57714286
9/15/1986,12.65571429
9/22/1986,12.69428571
9/29/1986,12.76142857
10/6/1986,12.78
10/13/1986,12.8
10/20/1986,12.81571429
10/27/1986,12.92285714
11/3/1986,12.95571429
11/10/1986,12.99
11/17/1986,13.09142857
11/24/1986,13.15285714
12/1/1986,13.11
12/8/1986,13.15428571
12/15/1986,13.16714286
12/22/1986,13.15857143
12/29/1986,13.12857143
1/5/1987,13.06857143
1/12/1987,13.05
1/19/1987,13.01
1/26/1987,13.04
2/2/1987,13.02
2/9/1987,13.12428571
2/16/1987,13.04571429
2/23/1987,13.06285714
3/2/1987,13.04285714
3/9/1987,12.99428571
3/16/1987,12.96857143
3/23/1987,12.86714286
3/30/1987,12.86142857
4/6/1987,12.91
4/13/1987,12.84142857
4/20/1987,12.83857143
4/27/1987,12.73571429
5/4/1987,12.65428571
5/11/1987,12.6
5/18/1987,12.64571429
5/25/1987,12.61857143
6/1/1987,12.84142857
6/8/1987,12.82142857
6/15/1987,12.75714286
6/22/1987,12.85714286
6/29/1987,12.88571429
7/6/1987,12.89
7/13/1987,12.96714286
7/20/1987,13.02857143
7/27/1987,13.08428571
8/3/1987,13.10714286
8/10/1987,13.11428571
8/17/1987,13.09857143
8/24/1987,13.06142857
8/31/1987,13.05857143
9/7/1987,12.94142857
9/14/1987,12.94714286
9/21/1987,12.96857143
9/28/1987,13.05
10/5/1987,13.09857143
10/12/1987,13.06285714
10/19/1987,13.05428571
10/26/1987,13.02571429
11/2/1987,12.99285714
11/9/1987,12.93
11/16/1987,12.99
11/23/1987,12.95857143
11/30/1987,12.95714286
12/7/1987,12.96285714
12/14/1987,12.95571429
12/21/1987,12.91428571
12/28/1987,12.98285714
1/4/1988,12.79428571
1/11/1988,13.06142857
1/18/1988,13.08571429
1/25/1988,13.03571429
2/1/1988,13.06857143
2/8/1988,13.07
2/15/1988,13.09285714
2/22/1988,13.06857143
2/29/1988,13.03
3/7/1988,13.05285714
3/14/1988,12.89142857
3/21/1988,12.97
3/28/1988,13.02142857
4/4/1988,12.99
4/11/1988,13.12428571
4/18/1988,13.16285714
4/25/1988,13.18857143
5/2/1988,13.23142857
5/9/1988,13.27428571
5/16/1988,13.25571429
5/23/1988,13.34857143
5/30/1988,13.38285714
6/6/1988,13.55857143
6/13/1988,13.60571429
6/20/1988,13.79714286
6/27/1988,13.97142857
7/4/1988,14.12142857
7/11/1988,14.04142857
7/18/1988,14.08571429
7/25/1988,14.05714286
8/1/1988,14.14857143
8/8/1988,14.17571429
8/15/1988,14.15714286
8/22/1988,14.21714286
8/29/1988,14.27714286
9/5/1988,14.40714286
9/12/1988,14.40857143
9/19/1988,14.48571429
9/26/1988,14.57
10/3/1988,14.55428571
10/10/1988,14.56571429
10/17/1988,14.69714286
10/24/1988,14.75428571
10/31/1988,14.86857143
11/7/1988,14.93
11/14/1988,14.96
11/21/1988,15.01428571
11/28/1988,14.99571429
12/5/1988,14.90857143
12/12/1988,15.03714286
12/19/1988,15.05
12/26/1988,15.03571429
1/2/1989,15.01428571
1/9/1989,15.06571429
1/16/1989,15.04857143
1/23/1989,15.1
1/30/1989,15.12428571
2/6/1989,15.19
2/13/1989,15.2
2/20/1989,15.20142857
2/27/1989,15.31
3/6/1989,15.32714286
3/13/1989,15.34714286
3/20/1989,15.49714286
3/27/1989,15.52714286
4/3/1989,15.63571429
4/10/1989,15.65428571
4/17/1989,15.70285714
4/24/1989,15.71428571
5/1/1989,15.84857143
5/8/1989,15.98142857
5/15/1989,16.05285714
5/22/1989,16.12857143
5/29/1989,16.21857143
6/5/1989,16.29428571
6/12/1989,16.39
6/19/1989,16.45857143
6/26/1989,16.45571429
7/3/1989,16.45285714
7/10/1989,16.28428571
7/17/1989,16.39142857
7/24/1989,16.50714286
7/31/1989,16.46
8/7/1989,16.53142857
8/14/1989,16.60571429
8/21/1989,16.70571429
8/28/1989,16.63
9/4/1989,16.67714286
9/11/1989,16.74428571
9/18/1989,16.78142857
9/25/1989,16.77571429
10/2/1989,16.69571429
10/9/1989,16.80142857
10/16/1989,16.85571429
10/23/1989,16.80571429
10/30/1989,16.83571429
11/6/1989,16.90285714
11/13/1989,16.91142857
11/20/1989,16.91714286
11/27/1989,16.93285714
12/4/1989,16.97285714
12/11/1989,16.94285714
12/18/1989,16.92571429
12/25/1989,16.91428571
1/1/1990,16.93
1/8/1990,16.94428571
1/15/1990,16.93428571
1/22/1990,16.98
1/29/1990,16.97857143
2/5/1990,16.96
2/12/1990,16.96142857
2/19/1990,16.96571429
2/26/1990,17.02
3/5/1990,17.07142857
3/12/1990,17.08142857
3/19/1990,17.08714286
3/26/1990,17.15428571
4/2/1990,17.20714286
4/9/1990,17.23857143
4/16/1990,17.25428571
4/23/1990,17.32857143
4/30/1990,17.37714286
5/7/1990,17.35142857
5/14/1990,17.30714286
5/21/1990,17.28428571
5/28/1990,17.3
6/4/1990,17.38
6/11/1990,17.42571429
6/18/1990,17.41857143
6/25/1990,17.43571429
7/2/1990,17.43
7/9/1990,17.42285714
7/16/1990,17.41857143
7/23/1990,17.41
7/30/1990,17.40285714
8/6/1990,17.34714286
8/13/1990,17.35714286
8/20/1990,17.29285714
8/27/1990,17.31428571
9/3/1990,17.47142857
9/10/1990,17.64857143
9/17/1990,17.82
9/24/1990,18.01428571
10/1/1990,18.04428571
10/8/1990,18.06285714
10/15/1990,18.00857143
10/22/1990,18.08285714
10/29/1990,18.11
11/5/1990,18.10571429
11/12/1990,18.12
11/19/1990,18.09428571
11/26/1990,18.04857143
12/3/1990,18.14571429
12/10/1990,18.10142857
12/17/1990,18.1
12/24/1990,18.18428571
12/31/1990,18.15571429
1/7/1991,18.13
1/14/1991,18.26714286
1/21/1991,18.37428571
1/28/1991,18.41428571
2/4/1991,18.58428571
2/11/1991,18.69428571
2/18/1991,18.84285714
2/25/1991,19.07285714
3/4/1991,19.07142857
3/11/1991,19.07
3/18/1991,19.15285714
3/25/1991,19.28
4/1/1991,19.59857143
4/8/1991,19.69714286
4/15/1991,19.77857143
4/22/1991,19.97285714
4/29/1991,20.23
5/6/1991,20.22428571
5/13/1991,20.43571429
5/20/1991,20.51
5/27/1991,20.68285714
6/3/1991,20.83142857
6/10/1991,21.02857143
6/17/1991,21.01428571
6/24/1991,21.11142857
7/1/1991,21.39571429
7/8/1991,25.67857143
7/15/1991,25.88714286
7/22/1991,25.88142857
7/29/1991,25.73428571
8/5/1991,25.80571429
8/12/1991,25.69857143
8/19/1991,25.95857143
8/26/1991,25.95
9/2/1991,25.83285714
9/9/1991,25.80428571
9/16/1991,25.79857143
9/23/1991,25.91285714
9/30/1991,25.84
10/7/1991,25.74
10/14/1991,25.79285714
10/21/1991,25.80571429
10/28/1991,25.8
11/4/1991,25.84
11/11/1991,25.82285714
11/18/1991,25.79857143
11/25/1991,25.79142857
12/2/1991,25.80285714
12/9/1991,25.83
12/16/1991,25.84428571
12/23/1991,25.80285714
12/30/1991,25.82
1/6/1992,25.79
1/13/1992,25.80428571
1/20/1992,25.89571429
1/27/1992,25.93
2/3/1992,25.92285714
2/10/1992,25.80428571
2/17/1992,25.91
2/24/1992,26.36571429
3/2/1992,26.03571429
3/9/1992,27.92857143
3/16/1992,28.13285714
3/23/1992,28.74
3/30/1992,29.01428571
4/6/1992,29.00714286
4/13/1992,29
4/20/1992,28.98
4/27/1992,28.76857143
5/4/1992,28.55714286
5/11/1992,28.65
5/18/1992,28.39285714
5/25/1992,28.51142857
6/1/1992,28.75714286
6/8/1992,28.68428571
6/15/1992,28.45
6/22/1992,28.39857143
6/29/1992,28.45714286
7/6/1992,28.56857143
7/13/1992,28.64285714
7/20/1992,28.59285714
7/27/1992,28.50857143
8/3/1992,28.47571429
8/10/1992,28.42857143
8/17/1992,28.44285714
8/24/1992,28.47571429
8/31/1992,28.56857143
9/7/1992,28.48
9/14/1992,28.46285714
9/21/1992,28.48
9/28/1992,28.48
10/5/1992,28.47571429
10/12/1992,28.45
10/19/1992,28.47
10/26/1992,28.52571429
11/2/1992,28.48
11/9/1992,28.45428571
11/16/1992,28.45571429
11/23/1992,28.48
11/30/1992,28.51142857
12/7/1992,28.85714286
12/14/1992,29.11
12/21/1992,28.99714286
12/28/1992,29
1/4/1993,29
1/11/1993,29.00285714
1/18/1993,29
1/25/1993,29.00714286
2/1/1993,29.21428571
2/8/1993,29.72857143
2/15/1993,30.33571429
2/22/1993,30.17857143
3/1/1993,30.73571429
3/8/1993,32.24285714
3/15/1993,31.81428571
3/22/1993,31.78571429
3/29/1993,31.71428571
4/5/1993,31.55714286
4/12/1993,31.6
4/19/1993,31.61428571
4/26/1993,31.6
5/3/1993,31.65
5/10/1993,31.6
5/17/1993,31.6
5/24/1993,31.6
5/31/1993,31.67142857
6/7/1993,31.7
6/14/1993,31.7
6/21/1993,31.7
6/28/1993,31.6
7/5/1993,31.6
7/12/1993,31.6
7/19/1993,31.6
7/26/1993,31.6
8/2/1993,31.6
8/9/1993,31.6
8/16/1993,31.62142857
8/23/1993,31.60857143
8/30/1993,31.63
9/6/1993,31.63
9/13/1993,31.63
9/20/1993,31.55857143
9/27/1993,31.53
10/4/1993,31.53
10/11/1993,31.53
10/18/1993,31.53
10/25/1993,31.51571429
11/1/1993,31.43
11/8/1993,31.43
11/15/1993,31.43
11/22/1993,31.43571429
11/29/1993,31.44
12/6/1993,31.44
12/13/1993,31.44
12/20/1993,31.44
12/27/1993,31.44
1/3/1994,31.44
1/10/1994,31.44
1/17/1994,31.44
1/24/1994,31.44
1/31/1994,31.44
2/7/1994,31.44
2/14/1994,31.44
2/21/1994,31.4
2/28/1994,31.47428571
3/7/1994,31.44857143
3/14/1994,31.43035714
3/21/1994,31.39785714
3/28/1994,31.38857143
4/4/1994,31.40571429
4/11/1994,31.37714286
4/18/1994,31.39142857
4/25/1994,31.38428571
5/2/1994,31.37857143
5/9/1994,31.37428571
5/16/1994,31.37178571
5/23/1994,31.37964286
5/30/1994,31.37428571
6/6/1994,31.49642857
6/13/1994,31.37107143
6/20/1994,31.37035714
6/27/1994,31.37071429
7/4/1994,31.37178571
7/11/1994,31.37607143
7/18/1994,31.36928571
7/25/1994,31.40607143
8/1/1994,31.37107143
8/8/1994,31.37392857
8/15/1994,31.3725
8/22/1994,31.3725
8/29/1994,31.37321429
9/5/1994,31.37285714
9/12/1994,31.37392857
9/19/1994,31.37178571
9/26/1994,31.3725
10/3/1994,31.36892857
10/10/1994,31.37285714
10/17/1994,31.37107143
10/24/1994,31.37214286
10/31/1994,31.37392857
11/7/1994,31.41285714
11/14/1994,31.42428571
11/21/1994,31.3725
11/28/1994,31.37428571
12/5/1994,31.39678571
12/12/1994,31.37464286
12/19/1994,31.37785714
12/26/1994,31.39821429
1/2/1995,31.38642857
1/9/1995,31.37035714
1/16/1995,31.36821429
1/23/1995,31.37285714
1/30/1995,31.38035714
2/6/1995,31.3775
2/13/1995,31.37321429
2/20/1995,31.37
2/27/1995,31.39178571
3/6/1995,31.46428571
3/13/1995,31.79078571
3/20/1995,31.48428571
3/27/1995,31.59214286
4/3/1995,31.46642857
4/10/1995,31.41642857
4/17/1995,31.37714286
4/24/1995,31.41571429
5/1/1995,31.42
5/8/1995,31.42028571
5/15/1995,31.425
5/22/1995,31.42814286
5/29/1995,31.39957143
6/5/1995,31.42035714
6/12/1995,31.41457143
6/19/1995,31.4
6/26/1995,31.38814286
7/3/1995,31.40742857
7/10/1995,31.38742857
7/17/1995,31.37628571
7/24/1995,31.37714286
7/31/1995,31.39557143
8/7/1995,31.42242857
8/14/1995,31.46228571
8/21/1995,31.585
8/28/1995,31.73714286
9/4/1995,31.89285714
9/11/1995,32.30714286
9/18/1995,33.59
9/25/1995,33.88428571
10/2/1995,33.93714286
10/9/1995,33.89571429
10/16/1995,34.19642857
10/23/1995,35.35
10/30/1995,35.45714286
11/6/1995,34.61
11/13/1995,34.53428571
11/20/1995,34.70428571
11/27/1995,34.86428571
12/4/1995,34.92285714
12/11/1995,34.88285714
12/18/1995,34.95928571
12/25/1995,34.99285714
1/1/1996,35.13428571
1/8/1996,35.41714286
1/15/1996,35.8
1/22/1996,35.89214286
1/29/1996,35.98
2/5/1996,36.80857143
2/12/1996,37.15285714
2/19/1996,36.57285714
2/26/1996,36.39285714
3/4/1996,34.86571429
3/11/1996,34.21714286
3/18/1996,34.44714286
3/25/1996,34.82142857
4/1/1996,34.30714286
4/8/1996,34.25714286
4/15/1996,34.27857143
4/22/1996,34.27142857
4/29/1996,34.31857143
5/6/1996,34.73571429
5/13/1996,35.11428571
5/20/1996,35.04285714
5/27/1996,35.19285714
6/3/1996,35.20857143
6/10/1996,35.02285714
6/17/1996,35.08571429
6/24/1996,35.08571429
7/1/1996,35.25571429
7/8/1996,35.21428571
7/15/1996,35.56428571
7/22/1996,35.84714286
7/29/1996,35.8
8/5/1996,35.80714286
8/12/1996,35.86428571
8/19/1996,35.8
8/26/1996,35.79285714
9/2/1996,35.85
9/9/1996,35.86428571
9/16/1996,35.87142857
9/23/1996,35.88571429
9/30/1996,35.85
10/7/1996,35.82142857
10/14/1996,35.76428571
10/21/1996,35.76285714
10/28/1996,35.75714286
11/4/1996,35.83857143
11/11/1996,35.98857143
11/18/1996,35.92857143
11/25/1996,35.75814286
12/2/1996,35.77442857
12/9/1996,35.86742857
12/16/1996,35.9
12/23/1996,35.89571429
12/30/1996,35.86428571
1/6/1997,35.95428571
1/13/1997,35.91671429
1/20/1997,35.88857143
1/27/1997,35.86285714
2/3/1997,35.88714286
2/10/1997,35.88285714
2/17/1997,35.89142857
2/24/1997,35.89714286
3/3/1997,35.89285714
3/10/1997,35.88071429
3/17/1997,35.86
3/24/1997,35.89785714
3/31/1997,35.90142857
4/7/1997,35.88285714
4/14/1997,35.87
4/21/1997,35.80671429
4/28/1997,35.77657143
5/5/1997,35.77142857
5/12/1997,35.86585714
5/19/1997,35.84214286
5/26/1997,35.77642857
6/2/1997,35.81571429
6/9/1997,35.796
6/16/1997,35.82814286
6/23/1997,35.825
6/30/1997,35.83285714
7/7/1997,35.80142857
7/14/1997,35.75571429
7/21/1997,35.71857143
7/28/1997,35.71357143
8/4/1997,35.76814286
8/11/1997,35.73514286
8/18/1997,35.76742857
8/25/1997,36.29
9/1/1997,36.48142857
9/8/1997,36.73142857
9/15/1997,36.57714286
9/22/1997,36.48714286
9/29/1997,36.27528571
10/6/1997,36.33428571
10/13/1997,36.24571429
10/20/1997,36.25042857
10/27/1997,36.28428571
11/3/1997,36.36285714
11/10/1997,36.51285714
11/17/1997,36.79142857
11/24/1997,37.79285714
12/1/1997,38.93071429
12/8/1997,39.15642857
12/15/1997,39.46785714
12/22/1997,39.86571429
12/29/1997,39.15285714
1/5/1998,39.37571429
1/12/1998,39.84714286
1/19/1998,40.1
1/26/1998,38.85142857
2/2/1998,38.78571429
2/9/1998,38.81571429
2/16/1998,38.84857143
2/23/1998,39.17428571
3/2/1998,39.40857143
3/9/1998,39.53071429
3/16/1998,39.65785714
3/23/1998,39.58142857
3/30/1998,39.54428571
4/6/1998,39.55571429
4/13/1998,39.76414286
4/20/1998,39.71571429
4/27/1998,39.74857143
5/4/1998,39.79071429
5/11/1998,39.80642857
5/18/1998,40.41
5/25/1998,40.63542857
6/1/1998,41.74285714
6/8/1998,41.86142857
6/15/1998,42.33571429
6/22/1998,42.5
6/29/1998,42.84857143
7/6/1998,42.56571429
7/13/1998,42.65714286
7/20/1998,42.62142857
7/27/1998,42.57228571
8/3/1998,42.60285714
8/10/1998,42.65428571
8/17/1998,43.15285714
8/24/1998,42.94285714
8/31/1998,42.64428571
9/7/1998,42.63571429
9/14/1998,42.58714286
9/21/1998,42.565
9/28/1998,42.57
10/5/1998,42.48285714
10/12/1998,42.40714286
10/19/1998,42.35428571
10/26/1998,42.35
11/2/1998,42.41428571
11/9/1998,42.33428571
11/16/1998,42.37285714
11/23/1998,42.47
11/30/1998,42.54142857
12/7/1998,42.58714286
12/14/1998,42.60857143
12/21/1998,42.6
12/28/1998,42.58714286
1/4/1999,42.55142857
1/11/1999,42.55142857
1/18/1999,42.51857143
1/25/1999,42.54857143
2/1/1999,42.53714286
2/8/1999,42.50857143
2/15/1999,42.55142857
2/22/1999,42.48
3/1/1999,42.67285714
3/8/1999,42.56
3/15/1999,42.51
3/22/1999,42.5
3/29/1999,42.49714286
4/5/1999,42.5
4/12/1999,42.76714286
4/19/1999,42.83571429
4/26/1999,42.86571429
5/3/1999,42.86285714
5/10/1999,42.8
5/17/1999,42.80714286
5/24/1999,42.79571429
5/31/1999,43.12571429
6/7/1999,43.00714286
6/14/1999,43.1
6/21/1999,43.21428571
6/28/1999,43.40285714
7/5/1999,43.44285714
7/12/1999,43.38571429
7/19/1999,43.32285714
7/26/1999,43.29714286
8/2/1999,43.41285714
8/9/1999,43.43142857
8/16/1999,43.49714286
8/23/1999,43.56857143
8/30/1999,43.55714286
9/6/1999,43.56857143
9/13/1999,43.56571429
9/20/1999,43.60714286
9/27/1999,43.59428571
10/4/1999,43.69857143
10/11/1999,43.61142857
10/18/1999,43.55142857
10/25/1999,43.46928571
11/1/1999,43.49571429
11/8/1999,43.45285714
11/15/1999,43.45142857
11/22/1999,43.45714286
11/29/1999,43.46
12/6/1999,43.45142857
12/13/1999,43.51
12/20/1999,43.55571429
12/27/1999,43.55
1/3/2000,43.53285714
1/10/2000,43.55
1/17/2000,43.56428571
1/24/2000,43.60285714
1/31/2000,43.63857143
2/7/2000,43.64428571
2/14/2000,43.63714286
2/21/2000,43.68428571
2/28/2000,43.65857143
3/6/2000,43.64428571
3/13/2000,43.64428571
3/20/2000,43.63571429
3/27/2000,43.63714286
4/3/2000,43.64742857
4/10/2000,43.66428571
4/17/2000,43.71571429
4/24/2000,43.69171429
5/1/2000,43.69571429
5/8/2000,43.70714286
5/15/2000,44.19
5/22/2000,44.01714286
5/29/2000,44.31428571
6/5/2000,44.68571429
6/12/2000,44.83285714
6/19/2000,44.80857143
6/26/2000,44.73571429
7/3/2000,44.71
7/10/2000,44.75857143
7/17/2000,44.76571429
7/24/2000,44.83857143
7/31/2000,44.98714286
8/7/2000,45.39571429
8/14/2000,45.85
8/21/2000,45.85428571
8/28/2000,45.95428571
9/4/2000,45.85714286
9/11/2000,45.75428571
9/18/2000,45.84285714
9/25/2000,46.22
10/2/2000,46.08285714
10/9/2000,46.17142857
10/16/2000,46.37857143
10/23/2000,46.40714286
10/30/2000,46.71428571
11/6/2000,46.75857143
11/13/2000,46.75428571
11/20/2000,46.84142857
11/27/2000,46.88571429
12/4/2000,46.9
12/11/2000,46.79428571
12/18/2000,46.79571429
12/25/2000,46.76
1/1/2001,46.74714286
1/8/2001,46.75428571
1/15/2001,47.13142857
1/22/2001,46.45714286
1/29/2001,46.49142857
2/5/2001,46.43714286
2/12/2001,46.50285714
2/19/2001,46.58285714
2/26/2001,46.65
3/5/2001,46.6
3/12/2001,46.55428571
3/19/2001,46.69142857
3/26/2001,46.71571429
4/2/2001,46.73714286
4/9/2001,46.60428571
4/16/2001,46.83428571
4/23/2001,46.89142857
4/30/2001,46.86571429
5/7/2001,46.86571429
5/14/2001,46.87285714
5/21/2001,46.99
5/28/2001,47.02571429
6/4/2001,47.03285714
6/11/2001,47.02285714
6/18/2001,47.04857143
6/25/2001,47.03714286
7/2/2001,47.08857143
7/9/2001,47.17428571
7/16/2001,47.20428571
7/23/2001,47.16
7/30/2001,47.18
8/6/2001,47.16
8/13/2001,47.16571429
8/20/2001,47.16571429
8/27/2001,47.17571429
9/3/2001,47.17285714
9/10/2001,47.26142857
9/17/2001,47.61142857
9/24/2001,48.05142857
10/1/2001,48.06571429
10/8/2001,48.03285714
10/15/2001,48.09
10/22/2001,48.06714286
10/29/2001,48.02714286
11/5/2001,48.03714286
11/12/2001,48.05
11/19/2001,48.04857143
11/26/2001,48.06285714
12/3/2001,47.99285714
12/10/2001,47.88857143
12/17/2001,47.85285714
12/24/2001,47.85571429
12/31/2001,48.17857143
1/7/2002,48.28571429
1/14/2002,48.38714286
1/21/2002,48.28571429
1/28/2002,48.35857143
2/4/2002,48.54
2/11/2002,48.71
2/18/2002,48.73428571
2/25/2002,48.74142857
3/4/2002,48.75285714
3/11/2002,48.74714286
3/18/2002,48.74285714
3/25/2002,48.78571429
4/1/2002,48.82285714
4/8/2002,48.88142857
4/15/2002,48.93428571
4/22/2002,48.93714286
4/29/2002,48.99857143
5/6/2002,48.98714286
5/13/2002,49.00571429
5/20/2002,49.04142857
5/27/2002,49.02428571
6/3/2002,49.04428571
6/10/2002,49.04571429
6/17/2002,49.02142857
6/24/2002,48.94714286
7/1/2002,48.89285714
7/8/2002,48.85
7/15/2002,48.81428571
7/22/2002,48.77714286
7/29/2002,48.71714286
8/5/2002,48.68857143
8/12/2002,48.68
8/19/2002,48.61285714
8/26/2002,48.55714286
9/2/2002,48.53571429
9/9/2002,48.53
9/16/2002,48.47428571
9/23/2002,48.44857143
9/30/2002,48.41142857
10/7/2002,48.37857143
10/14/2002,48.36428571
10/21/2002,48.41285714
10/28/2002,48.40571429
11/4/2002,48.37
11/11/2002,48.31571429
11/18/2002,48.25857143
11/25/2002,48.22571429
12/2/2002,48.31142857
12/9/2002,48.24857143
12/16/2002,48.20285714
12/23/2002,48.07714286
12/30/2002,48.01714286
1/6/2003,48.02142857
1/13/2003,47.98857143
1/20/2003,47.96
1/27/2003,47.94571429
2/3/2003,47.84142857
2/10/2003,47.74857143
2/17/2003,47.87714286
2/24/2003,47.68428571
3/3/2003,47.67857143
3/10/2003,47.76857143
3/17/2003,47.65857143
3/24/2003,47.68714286
3/31/2003,47.57857143
4/7/2003,47.43428571
4/14/2003,47.41285714
4/21/2003,47.35428571
4/28/2003,47.35857143
5/5/2003,47.34857143
5/12/2003,47.22714286
5/19/2003,47.11142857
5/26/2003,46.89142857
6/2/2003,47.03428571
6/9/2003,46.87857143
6/16/2003,46.71142857
6/23/2003,46.59857143
6/30/2003,46.47428571
7/7/2003,46.39857143
7/14/2003,46.15857143
7/21/2003,46.24714286
7/28/2003,46.15142857
8/4/2003,46.16
8/11/2003,46.02714286
8/18/2003,45.96285714
8/25/2003,45.86714286
9/1/2003,45.88
9/8/2003,45.86714286
9/15/2003,45.79142857
9/22/2003,45.93714286
9/29/2003,45.81285714
10/6/2003,45.48428571
10/13/2003,45.39
10/20/2003,45.43428571
10/27/2003,45.33857143
11/3/2003,45.33285714
11/10/2003,45.32428571
11/17/2003,45.42142857
11/24/2003,45.73714286
12/1/2003,45.84857143
12/8/2003,45.64571429
12/15/2003,45.55
12/22/2003,45.52714286
12/29/2003,45.52571429
1/5/2004,45.61571429
1/12/2004,45.51714286
1/19/2004,45.44285714
1/26/2004,45.42
2/2/2004,45.32714286
2/9/2004,45.29142857
2/16/2004,45.23571429
2/23/2004,45.25857143
3/1/2004,45.30285714
3/8/2004,45.28714286
3/15/2004,45.23857143
3/22/2004,45.21214286
3/29/2004,44.52857143
4/5/2004,43.68428571
4/12/2004,43.55142857
4/19/2004,43.83857143
4/26/2004,44.04428571
5/3/2004,44.46857143
5/10/2004,44.69
5/17/2004,45.45142857
5/24/2004,45.29714286
5/31/2004,45.40571429
6/7/2004,45.19
6/14/2004,45.09428571
6/21/2004,45.58142857
6/28/2004,45.9
7/5/2004,45.84571429
7/12/2004,45.76285714
7/19/2004,45.98285714
7/26/2004,46.26571429
8/2/2004,46.36428571
8/9/2004,46.35
8/16/2004,46.29142857
8/23/2004,46.28
8/30/2004,46.31357143
9/6/2004,46.33285714
9/13/2004,46.28
9/20/2004,45.84714286
9/27/2004,45.89428571
10/4/2004,45.91571429
10/11/2004,45.82571429
10/18/2004,45.84142857
10/25/2004,45.66285714
11/1/2004,45.42428571
11/8/2004,45.17285714
11/15/2004,45.07857143
11/22/2004,44.99142857
11/29/2004,44.91285714
12/6/2004,44.05428571
12/13/2004,44.22571429
12/20/2004,43.87857143
12/27/2004,43.67285714
1/3/2005,43.44
1/10/2005,43.64714286
1/17/2005,43.56142857
1/24/2005,43.63857143
1/31/2005,43.64714286
2/7/2005,43.37714286
2/14/2005,43.66
2/21/2005,43.70857143
2/28/2005,43.60142857
3/7/2005,43.60714286
3/14/2005,43.48571429
3/21/2005,43.59
3/28/2005,43.63571429
4/4/2005,43.65
4/11/2005,43.66857143
4/18/2005,43.66142857
4/25/2005,43.65
5/2/2005,43.54
5/9/2005,43.39857143
5/16/2005,43.32857143
5/23/2005,43.39428571
5/30/2005,43.42571429
6/6/2005,43.57857143
6/13/2005,43.49857143
6/20/2005,43.53
6/27/2005,43.48571429
7/4/2005,43.46714286
7/11/2005,43.51857143
7/18/2005,43.45857143
7/25/2005,43.37714286
8/1/2005,43.37714286
8/8/2005,43.41428571
8/15/2005,43.48428571
8/22/2005,43.50285714
8/29/2005,43.64571429
9/5/2005,43.91285714
9/12/2005,43.77428571
9/19/2005,43.81714286
9/26/2005,43.81857143
10/3/2005,43.95857143
10/10/2005,44.24142857
10/17/2005,44.78428571
10/24/2005,45.05714286
10/31/2005,45.00428571
11/7/2005,45.35714286
11/14/2005,45.69
11/21/2005,45.68714286
11/28/2005,45.76571429
12/5/2005,46.03857143
12/12/2005,46.11571429
12/19/2005,45.34714286
12/26/2005,45.12714286
1/2/2006,45.02
1/9/2006,44.48714286
1/16/2006,44.06
1/23/2006,44.15142857
1/30/2006,44.04428571
2/6/2006,44.11571429
2/13/2006,44.12714286
2/20/2006,44.26714286
2/27/2006,44.38857143
3/6/2006,44.17
3/13/2006,44.31571429
3/20/2006,44.25714286
3/27/2006,44.44714286
4/3/2006,44.47142857
4/10/2006,44.50428571
4/17/2006,44.97857143
4/24/2006,45.02285714
5/1/2006,44.87285714
5/8/2006,44.83
5/15/2006,44.94285714
5/22/2006,45.21
5/29/2006,45.70285714
6/5/2006,45.89285714
6/12/2006,45.82
6/19/2006,45.71
6/26/2006,45.97714286
7/3/2006,46.01714286
7/10/2006,45.90285714
7/17/2006,46.21
7/24/2006,46.70285714
7/31/2006,46.57714286
8/7/2006,46.48142857
8/14/2006,46.45857143
8/21/2006,46.40571429
8/28/2006,46.43
9/4/2006,46.39571429
9/11/2006,46.11857143
9/18/2006,46.07285714
9/25/2006,45.82714286
10/2/2006,45.87571429
10/9/2006,45.51142857
10/16/2006,45.43142857
10/23/2006,45.21857143
10/30/2006,45.12
11/6/2006,44.79857143
11/13/2006,44.59285714
11/20/2006,44.89571429
11/27/2006,44.62
12/4/2006,44.52857143
12/11/2006,44.54571429
12/18/2006,44.59857143
12/25/2006,44.45
1/1/2007,44.15714286
1/8/2007,44.20714286
1/15/2007,44.41714286
1/22/2007,44.14285714
1/29/2007,44.11571429
2/5/2007,44.04857143
2/12/2007,43.97285714
2/19/2007,43.91571429
2/26/2007,44.06428571
3/5/2007,44.16142857
3/12/2007,44.12428571
3/19/2007,44.11428571
3/26/2007,43.45857143
4/2/2007,43.08714286
4/9/2007,42.78714286
4/16/2007,42.42857143
4/23/2007,41.83
4/30/2007,40.75714286
5/7/2007,40.73285714
5/14/2007,40.73714286
5/21/2007,40.48142857
5/28/2007,40.28142857
6/4/2007,40.34142857
6/11/2007,40.60142857
6/18/2007,40.55714286
6/25/2007,40.59142857
7/2/2007,40.67714286
7/9/2007,40.37285714
7/16/2007,40.27
7/23/2007,40.19714286
7/30/2007,40.29142857
8/6/2007,40.25571429
8/13/2007,40.38571429
8/20/2007,40.93285714
8/27/2007,40.90857143
9/3/2007,40.79857143
9/10/2007,40.55
9/17/2007,40.38142857
9/24/2007,39.87857143
10/1/2007,39.66428571
10/8/2007,39.46857143
10/15/2007,39.08285714
10/22/2007,39.54571429
10/29/2007,39.36285714
11/5/2007,39.24428571
11/12/2007,39.13571429
11/19/2007,39.21857143
11/26/2007,39.49
12/3/2007,39.54857143
12/10/2007,39.34428571
12/17/2007,39.32571429
12/24/2007,39.38857143
12/31/2007,39.40857143
1/7/2008,39.24
1/14/2008,39.16
1/21/2008,39.21571429
1/28/2008,39.37714286
2/4/2008,39.20428571
2/11/2008,39.53571429
2/18/2008,39.64
2/25/2008,39.98142857
3/3/2008,39.94571429
3/10/2008,40.32
3/17/2008,40.29857143
3/24/2008,40.01857143
3/31/2008,39.87714286
4/7/2008,39.92142857
4/14/2008,39.86857143
4/21/2008,39.80285714
4/28/2008,40.08
5/5/2008,40.5
5/12/2008,41.48714286
5/19/2008,42.42571429
5/26/2008,42.70285714
6/2/2008,42.42428571
6/9/2008,42.66571429
6/16/2008,42.82571429
6/23/2008,42.87428571
6/30/2008,42.76428571
7/7/2008,43.19285714
7/14/2008,42.91285714
7/21/2008,42.77428571
7/28/2008,41.80285714
8/4/2008,42.36285714
8/11/2008,42.06
8/18/2008,42.82571429
8/25/2008,43.45571429
9/1/2008,43.43
9/8/2008,44.42857143
9/15/2008,45.46
9/22/2008,45.96571429
9/29/2008,46.22571429
10/6/2008,46.90714286
10/13/2008,48.20285714
10/20/2008,48.70571429
10/27/2008,49.69285714
11/3/2008,49.39571429
11/10/2008,47.44142857
11/17/2008,48.71857143
11/24/2008,49.71428571
12/1/2008,49.54571429
12/8/2008,49.71857143
12/15/2008,48.34142857
12/22/2008,47.27285714
12/29/2008,48.24142857
1/5/2009,48.35142857
1/12/2009,48.43857143
1/19/2009,48.71285714
1/26/2009,48.94
2/2/2009,48.78285714
2/9/2009,48.58857143
2/16/2009,48.64
2/23/2009,49.68
3/2/2009,50.63714286
3/9/2009,51.72
3/16/2009,51.42142857
3/23/2009,50.68
3/30/2009,50.54285714
4/6/2009,50.18714286
4/13/2009,49.88714286
4/20/2009,49.71142857
4/27/2009,49.96428571
5/4/2009,49.84571429
5/11/2009,49.22
5/18/2009,49.16571429
5/25/2009,47.15
6/1/2009,47.27428571
6/8/2009,47.08
6/15/2009,47.49142857
6/22/2009,48.03571429
6/29/2009,48.19285714
7/6/2009,47.89857143
7/13/2009,48.75
7/20/2009,48.55642857
7/27/2009,48.21285714
8/3/2009,47.99
8/10/2009,47.58714286
8/17/2009,48.22428571
8/24/2009,48.55142857
8/31/2009,48.69357143
9/7/2009,48.89142857
9/14/2009,48.43142857
9/21/2009,48.11571429
9/28/2009,47.88428571
10/5/2009,47.72571429
10/12/2009,46.47571429
10/19/2009,46.13428571
10/26/2009,46.44
11/2/2009,46.96857143
11/9/2009,46.87
11/16/2009,46.28285714
11/23/2009,46.48857143
11/30/2009,46.39428571
12/7/2009,46.17142857
12/14/2009,46.52428571
12/21/2009,46.71285714
12/28/2009,46.7
1/4/2010,46.42714286
1/11/2010,45.62428571
1/18/2010,45.68857143
1/25/2010,46.10428571
2/1/2010,46.17428571
2/8/2010,46.46285714
2/15/2010,46.42857143
2/22/2010,46.15142857
3/1/2010,46.13857143
3/8/2010,45.62142857
3/15/2010,45.49
3/22/2010,45.37571429
3/29/2010,45.26
4/5/2010,44.77285714
4/12/2010,44.28142857
4/19/2010,44.3725
4/26/2010,44.45
5/3/2010,44.37428571
5/10/2010,45.11
5/17/2010,45.18428571
5/24/2010,46.60714286
5/31/2010,46.64857143
6/7/2010,46.87857143
6/14/2010,46.76285714
6/21/2010,46.08285714
6/28/2010,46.2775
7/5/2010,46.51428571
7/12/2010,46.74642857
7/19/2010,46.73571429
7/26/2010,47.02428571
8/2/2010,46.37428571
8/9/2010,46.01142857
8/16/2010,46.59571429
8/23/2010,46.15571429
8/30/2010,46.82571429
9/6/2010,46.67571429
9/13/2010,46.38857143
9/20/2010,45.97285714
9/27/2010,45.27857143
10/4/2010,44.59714286
10/11/2010,44.35428571
10/18/2010,44.23714286
10/25/2010,44.39285714
11/1/2010,44.42571429
11/8/2010,44.06428571
11/15/2010,44.60857143
11/22/2010,45.28142857
11/29/2010,45.75142857
12/6/2010,45.11428571
12/13/2010,45.04428571
12/20/2010,45.25857143
12/27/2010,45.10571429
1/3/2011,44.82285714
1/10/2011,45.25857143
1/17/2011,45.25142857
1/24/2011,45.54857143
1/31/2011,45.75
2/7/2011,45.57285714
2/14/2011,45.48428571
2/21/2011,45.20857143
2/28/2011,45.22428571
3/7/2011,44.89857143
3/14/2011,45.11285714
3/21/2011,45.07142857
3/28/2011,44.72
4/4/2011,44.51571429
4/11/2011,44.14571429
4/18/2011,44.30857143
4/25/2011,44.36714286
5/2/2011,44.27428571
5/9/2011,44.63142857
5/16/2011,44.86428571
5/23/2011,45.04
5/30/2011,45.22
6/6/2011,44.85428571
6/13/2011,44.72
6/20/2011,44.80142857
6/27/2011,44.92285714
7/4/2011,44.69285714
7/11/2011,44.40857143
7/18/2011,44.53571429
7/25/2011,44.39
8/1/2011,44.13428571
8/8/2011,44.61714286
8/15/2011,45.30571429
8/22/2011,45.54285714
8/29/2011,45.99285714
9/5/2011,45.77428571
9/12/2011,46.48714286
9/19/2011,47.44857143
9/26/2011,49.03
10/3/2011,49.00428571
10/10/2011,49.04
10/17/2011,49.01571429
10/24/2011,49.64857143
10/31/2011,48.91
11/7/2011,49.04428571
11/14/2011,49.96142857
11/21/2011,51.14
11/28/2011,52.23285714
12/5/2011,51.17
12/12/2011,51.82285714
12/19/2011,52.93
12/26/2011,52.69
1/2/2012,52.97857143
1/9/2012,52.75
1/16/2012,51.51428571
1/23/2012,50.29142857
1/30/2012,49.63571429
2/6/2012,48.97768571
2/13/2012,49.33571429
2/20/2012,49.34571429
2/27/2012,49.1
3/5/2012,49.37285714
3/12/2012,50.00661429
3/19/2012,50.09857143
3/26/2012,50.99
4/2/2012,50.92428571
4/9/2012,51.06428571
4/16/2012,51.44857143
4/23/2012,51.95857143
4/30/2012,52.50285714
5/7/2012,53.13428571
5/14/2012,53.56428571
5/21/2012,54.43285714
5/28/2012,55.46285714
6/4/2012,55.74142857
6/11/2012,55.36714286
6/18/2012,55.53285714
6/25/2012,56.68857143
7/2/2012,56.12142857
7/9/2012,55.12142857
7/16/2012,55.29857143
7/23/2012,55.32142857
7/30/2012,55.64285714
8/6/2012,55.66142857
8/13/2012,55.19857143
8/20/2012,55.61428571
8/27/2012,55.43
9/3/2012,55.57857143
9/10/2012,55.48285714
9/17/2012,54.22571429
9/24/2012,53.70857143
10/1/2012,53.01285714
10/8/2012,51.92714286
10/15/2012,52.85142857
10/22/2012,53.56571429
10/29/2012,53.67857143
11/5/2012,53.91
11/12/2012,54.50428571
11/19/2012,54.98142857
11/26/2012,55.33285714
12/3/2012,54.74285714
12/10/2012,54.42428571
12/17/2012,54.43571429
12/24/2012,54.94714286
12/31/2012,54.84571429
1/7/2013,54.79142857
1/14/2013,54.74714286
1/21/2013,54.12428571
1/28/2013,53.76571429
2/4/2013,53.27
2/11/2013,53.42428571
2/18/2013,54.08571429
2/25/2013,54.24428571
3/4/2013,54.55
3/11/2013,54.49857143
3/18/2013,54.14142857
3/25/2013,54.30142857
4/1/2013,54.45
4/8/2013,54.66142857
4/15/2013,54.51142857
4/22/2013,54.04571429
4/29/2013,54.30714286
5/6/2013,53.80714286
5/13/2013,54.59285714
5/20/2013,54.92714286
5/27/2013,55.69428571
6/3/2013,56.43
6/10/2013,56.86142857
6/17/2013,57.84
6/24/2013,59.30714286
7/1/2013,59.78428571
7/8/2013,60.2
7/15/2013,59.90285714
7/22/2013,59.43428571
7/29/2013,59.19428571
8/5/2013,60.79142857
8/12/2013,60.69571429
8/19/2013,61.72714286
8/26/2013,63.68428571
9/2/2013,66.34714286
9/9/2013,65.96142857
9/16/2013,63.34571429
9/23/2013,62.55285714
9/30/2013,62.37428571
10/7/2013,61.84857143
10/14/2013,61.32714286
10/21/2013,61.43285714
10/28/2013,61.48571429
11/4/2013,61.61428571
11/11/2013,62.36714286
11/18/2013,63.01571429
11/25/2013,62.58142857
12/2/2013,62.41142857
12/9/2013,61.57714286
12/16/2013,61.77571429
12/23/2013,61.98428571
12/30/2013,61.88285714
1/6/2014,62.13857143
1/13/2014,61.75857143
1/20/2014,61.53571429
1/27/2014,62.43428571
2/3/2014,62.58571429
2/10/2014,62.24142857
2/17/2014,61.95714286
2/24/2014,62.17
3/3/2014,61.95571429
3/10/2014,61.30142857
3/17/2014,61.12428571
3/24/2014,60.98
3/31/2014,60.04714286
4/7/2014,60.06571429
4/14/2014,60.15714286
4/21/2014,60.33
4/28/2014,60.81285714
5/5/2014,60.11714286
5/12/2014,59.93142857
5/19/2014,58.93571429
5/26/2014,58.42571429
6/2/2014,59.05285714
6/9/2014,59.22714286
6/16/2014,59.53857143
6/23/2014,60.21714286
6/30/2014,60.08571429
7/7/2014,59.81614286
7/14/2014,60.01
7/21/2014,60.26428571
7/28/2014,60.07428571
8/4/2014,60.80142857
8/11/2014,61.17285714
8/18/2014,60.88
8/25/2014,60.54
9/1/2014,61.06142857
9/8/2014,60.36428571
9/15/2014,60.90857143
9/22/2014,60.86714286
9/29/2014,61.17857143
10/6/2014,61.76428571
10/13/2014,61.23714286
10/20/2014,61.45428571
10/27/2014,61.17714286
11/3/2014,61.35571429
11/10/2014,61.47714286
11/17/2014,61.62714286
11/24/2014,61.82142857
12/1/2014,61.99857143
12/8/2014,61.85
12/15/2014,62.45
12/22/2014,63.29857143
12/29/2014,63.54571429
1/5/2015,63.23
1/12/2015,62.66
1/19/2015,61.94285714
1/26/2015,61.47857143
2/2/2015,61.76142857
2/9/2015,61.76142857
2/16/2015,62.17142857
2/23/2015,62.17
3/2/2015,61.79
3/9/2015,62.33428571
3/16/2015,62.84142857
3/23/2015,62.50285714
3/30/2015,62.51428571
4/6/2015,62.10142857
4/13/2015,62.23428571
4/20/2015,62.48285714
4/27/2015,63.30571429
5/4/2015,63.50571429
5/11/2015,63.73
5/18/2015,63.61142857
5/25/2015,63.54
6/1/2015,63.76285714
6/8/2015,63.85428571
6/15/2015,63.97
6/22/2015,63.68142857
6/29/2015,63.56571429
7/6/2015,63.40285714
7/13/2015,63.38714286
7/20/2015,63.44857143
7/27/2015,63.91285714
8/3/2015,63.89714286
8/10/2015,63.72857143
8/17/2015,64.97857143
8/24/2015,65.85142857
8/31/2015,66.14
9/7/2015,66.48142857
9/14/2015,66.39714286
9/21/2015,65.95571429
9/28/2015,66.11142857
10/5/2015,65.44857143
10/12/2015,64.86428571
10/19/2015,64.81428571
10/26/2015,64.93
11/2/2015,65.29285714
11/9/2015,65.95
11/16/2015,66.11285714
11/23/2015,66.10285714
11/30/2015,66.57857143
12/7/2015,66.64285714
12/14/2015,66.95571429
12/21/2015,66.37
12/28/2015,66.04571429
1/4/2016,66.29142857
1/11/2016,66.73857143
1/18/2016,67.41714286
1/25/2016,67.70857143
2/1/2016,67.90571429
2/8/2016,67.81857143
2/15/2016,68.09857143
2/22/2016,68.5
2/29/2016,68.65571429
3/7/2016,67.13857143
3/14/2016,67.07285714
3/21/2016,66.66428571
3/28/2016,66.75142857
4/4/2016,66.30714286
4/11/2016,66.48428571
4/18/2016,66.48857143
4/25/2016,66.44571429
5/2/2016,66.40571429
5/9/2016,66.56142857
5/16/2016,66.73
5/23/2016,67.28428571
5/30/2016,67.08714286
6/6/2016,67.08
6/13/2016,66.78857143
6/20/2016,67.24571429
6/27/2016,67.69857143
7/4/2016,67.39285714
7/11/2016,67.26285714
7/18/2016,67.02857143
7/25/2016,67.20714286
8/1/2016,66.91142857
8/8/2016,66.79285714
8/15/2016,66.79142857
8/22/2016,67.02714286
8/29/2016,67.04714286
9/5/2016,66.76142857
9/12/2016,66.61285714
9/19/2016,66.98428571
9/26/2016,66.72857143
10/3/2016,66.56857143
10/10/2016,66.59428571
10/17/2016,66.76714286
10/24/2016,66.84142857
10/31/2016,66.79142857
11/7/2016,66.71714286
11/14/2016,66.87
11/21/2016,68.05571429
11/28/2016,68.63571429
12/5/2016,68.23857143
12/12/2016,67.50714286
12/19/2016,67.72857143
12/26/2016,67.85857143
1/2/2017,67.97142857
1/9/2017,68.06428571
1/16/2017,68.18142857
1/23/2017,68.07571429
1/30/2017,68.04428571
2/6/2017,67.26
2/13/2017,66.92714286
2/20/2017,67.03
2/27/2017,66.76571429
3/6/2017,66.73857143
3/13/2017,66.56714286
3/20/2017,65.46
3/27/2017,65.34571429
4/3/2017,64.90285714
4/10/2017,64.55428571
4/17/2017,64.49142857
4/24/2017,64.60285714
5/1/2017,64.22857143
5/8/2017,64.25714286
5/15/2017,64.34
5/22/2017,64.46
5/29/2017,64.59142857
6/5/2017,64.44571429
6/12/2017,64.32142857
6/19/2017,64.44142857
6/26/2017,64.5
7/3/2017,64.62571429
7/10/2017,64.66714286
7/17/2017,64.43
7/24/2017,64.35142857
7/31/2017,64.18857143
8/7/2017,63.73142857
8/14/2017,64.01428571
8/21/2017,64.11857143
8/28/2017,64.0375
